{
    "target": "target",
    "problem_type": "regression",
    "best_model": {
        "best_model": "SVM Regressor",
        "metrics": {
            "mae": 23.126977392095835,
            "r2": -0.05342760953747061
        }
    },
    "all_models": {
        "Linear Regression": {
            "mae": 22.80622045709469,
            "r2": -0.06970084940168242
        },
        "Ridge": {
            "mae": 22.820126496314153,
            "r2": -0.06981924626025116
        },
        "Lasso": {
            "mae": 23.34385903623646,
            "r2": -0.06989935974915373
        },
        "Decision Tree": {
            "mae": 28.53105711252627,
            "r2": -1.607482359548861
        },
        "Random Forest": {
            "mae": 26.64613088694957,
            "r2": -0.5007699495946587
        },
        "Gradient Boosting": {
            "mae": 30.186475439638713,
            "r2": -0.7894616196035316
        },
        "AdaBoost": {
            "mae": 24.71012089851426,
            "r2": -0.23606610831131913
        },
        "KNN Regressor": {
            "mae": 23.496309161811133,
            "r2": -0.18908562457797573
        },
        "SVM Regressor": {
            "mae": 23.126977392095835,
            "r2": -0.05342760953747061
        },
        "XGBoost": {
            "mae": 28.7907897638233,
            "r2": -0.8710341564107678
        },
        "Voting Ensemble": {
            "mae": 22.917774781834893,
            "r2": -0.06226821830850926
        }
    },
    "cross_validation": {
        "mean_r2": -39.110036983878445,
        "std_r2": 28.728089752278397
    },
    "consultant_report": [
        "Top driver: feature1",
        "Second driver: feature2",
        "Third driver: cat_feature"
    ]
}