{
    "target": "Survived",
    "problem_type": "classification",
    "best_model": {
        "best_model": "Logistic Regression",
        "metrics": {
            "accuracy": 0.8212290502793296,
            "precision": 0.7916666666666666,
            "recall": 0.7702702702702703,
            "f1_score": 0.7808219178082192
        }
    },
    "all_models": {
        "Logistic Regression": {
            "accuracy": 0.8212290502793296,
            "precision": 0.7916666666666666,
            "recall": 0.7702702702702703,
            "f1_score": 0.7808219178082192
        },
        "Random Forest": {
            "accuracy": 0.8044692737430168,
            "precision": 0.782608695652174,
            "recall": 0.7297297297297297,
            "f1_score": 0.7552447552447552
        },
        "Decision Tree": {
            "accuracy": 0.7877094972067039,
            "precision": 0.7432432432432432,
            "recall": 0.7432432432432432,
            "f1_score": 0.7432432432432432
        },
        "KNN": {
            "accuracy": 0.8044692737430168,
            "precision": 0.782608695652174,
            "recall": 0.7297297297297297,
            "f1_score": 0.7552447552447552
        },
        "SVM": {
            "accuracy": 0.8100558659217877,
            "precision": 0.803030303030303,
            "recall": 0.7162162162162162,
            "f1_score": 0.7571428571428571
        }
    },
    "cross_validation": {
        "mean_f1": 0.7760074443715379,
        "std_f1": 0.03568609572892527
    },
    "consultant_report": [
        "Top driver: Fare",
        "Second driver: Age",
        "Third driver: Sex"
    ]
}