{
    "target": "Churn",
    "problem_type": "classification",
    "best_model": {
        "best_model": "Logistic Regression",
        "metrics": {
            "accuracy": 0.8211497515968772,
            "precision": 0.692063492063492,
            "recall": 0.5844504021447721,
            "f1_score": 0.6337209302325582
        }
    },
    "all_models": {
        "Logistic Regression": {
            "accuracy": 0.8211497515968772,
            "precision": 0.692063492063492,
            "recall": 0.5844504021447721,
            "f1_score": 0.6337209302325582
        },
        "Random Forest": {
            "accuracy": 0.7899219304471257,
            "precision": 0.6389891696750902,
            "recall": 0.4745308310991957,
            "f1_score": 0.5446153846153846
        },
        "Decision Tree": {
            "accuracy": 0.7146912704045423,
            "precision": 0.4613333333333333,
            "recall": 0.46380697050938335,
            "f1_score": 0.4625668449197861
        },
        "KNN": {
            "accuracy": 0.7679205110007097,
            "precision": 0.5649717514124294,
            "recall": 0.5361930294906166,
            "f1_score": 0.5502063273727648
        },
        "SVM": {
            "accuracy": 0.8119233498935415,
            "precision": 0.6914893617021277,
            "recall": 0.5227882037533512,
            "f1_score": 0.5954198473282443
        }
    },
    "cross_validation": {
        "mean_f1": 0.5927235695095947,
        "std_f1": 0.025291836421395708
    },
    "consultant_report": [
        "Top driver: tenure",
        "Second driver: MonthlyCharges",
        "Third driver: Contract"
    ]
}